Number,Date,User,Tweet,Location
0,2023-03-15 17:45:53+00:00,LastQuake,"Help us keep doing what we've always done: inform and reassure citizens living in #earthquake-prone regions and and stand side-by-side with affected population in case of an #earthquakeüôè If you can, consider a donation to https://t.co/6Cc7sj0zpP Thank youüíü https://t.co/aC6hcoj6EP","based in Paris, works globally"
1,2023-03-15 16:42:26+00:00,ami_choudhury,"The Walk 4 Hope

Please donate generously now on the linküëáüèªbelow to help us help those affected by this terrible situationüôèüèª

https://t.co/cjsPO3r3ji

#hrf #fundraising #donation #syria #turkey #lebanon #earthquake #victim #affected #food #shelter #clothing #help https://t.co/VIcstKgvUm","Bedfordshire, England, UK"
2,2023-03-15 16:37:17+00:00,FOURPAWSUSA,"#Earthquake Update: FOUR PAWS has entered Syria to offer support to animals impacted by the natural disaster.

Our team, led by Dr Amir Khalil, is working under high pressure to help as many animals as possible in the short time available. https://t.co/VGWUSrMjNW https://t.co/JY8GCtXrZR","Boston, MA"
3,2023-03-15 16:16:37+00:00,KaftVolter,"#deprem #diyarbakir #sanliurfa #hatay #kahramanmaras #Gaziantep #Osmaniye #adana #ADIYAMAN #Malatya 

#HelpTurkey #earthquake #Erdbeben #–∑–µ–º–ª–µ—Ç—Ä—è—Å–µ–Ω–∏–µ 
Menschen sterben, Hilfe ist nicht genug
people are dying help is not enough #btc #coin",Anƒ±ttepe
4,2023-03-15 15:03:32+00:00,ICATinsurance,"2022 brought about 18 weather disasters that caused over $1 billion in damages. ICAT is here to help protect your greatest assets. Keep your peace of mind knowing you have the right coverage.

#disasterinsurance #hurricane #earthquake #insurance https://t.co/RWBqGXUfbV","Broomfield, CO"
5,2023-03-15 15:01:17+00:00,baitulmaal,"#Baitulmaal donors enabled $5.35M in emergency medical aid to help #earthquake survivors. More aid is needed this #Ramadan - https://t.co/sNs6PGFz6P

#hope #compassion #Ramadan2023 #Ramadanfoodpackage #Turkiye #Turkey #Syria #iftar #Orphan #cleanwater #charity #refugee #fasting https://t.co/uGS6zjjw3V","Irving, Texas"
6,2023-03-15 14:50:01+00:00,Micailic0Mica,@Beyefendiyimyav @haydarozkan06 @suleymansoylu @tcbestepe @RTErdogan @iletisim Because we care about #animals it‚Äôs not their fault they are homeless and don‚Äôt understand! Why did rescue and search #dogs help find survivors in the #earthquake? You didn‚Äôt deserve them! Stop being selfish and ignorant towards #dogs they have a right to life!,United Kingdom
7,2023-03-15 14:00:02+00:00,hayatyolu_en,"Ramadan is comingüïãüåô
We are still working hard in the earthquake-hit areas to serve the survivors and help them to better receive the month of Ramadan. Your support for us makes a difference.

https://t.co/qAT9Gq47Q0

#Turkey #Syria #earthquake #victims #injured  #kahramanmara≈ü https://t.co/surCqgCnLO","Istanbul, Turkey"
8,2023-03-15 13:16:00+00:00,TurkeyPulse,Will #Turkey's multibillion-dollar #earthquake fund help reelect #Erdogan? @mustfsnmz https://t.co/zvEV6vTafn,
9,2023-03-15 13:10:02+00:00,brightly_one,"Tip from OneBrightlyCyber: #Scammers take advantage of disasters like the recent earthquake to solicit money. But your donations go to them, not to help real victims. Be sure you donate to REAL CHARITIES! https://t.co/WUu9nYsRJF
#donate #earthquake #disasters #charity #giving https://t.co/X3iWED4kqm",Entire United States
10,2023-03-15 13:04:53+00:00,OneBrightly,"Tip from OneBrightly: #Scammers take advantage of disasters like the recent earthquake to solicit money. But your donations go to them, not to help real victims. Be sure you donate to REAL CHARITIES!
#donate #earthquake #disasters #charity #help https://t.co/xqUhjj0mG1 https://t.co/gpHLzhGPF3",
11,2023-03-15 12:45:04+00:00,BenetechsUS,"Tip from BeneTechs: #Scammers take advantage of disasters like the recent earthquakes to solicit money. But your donations go to them, not to help real victims. Be sure you donate to REAL CHARITIES!
#donate #earthquake #disasters #charity #help https://t.co/H3zVMQScNB https://t.co/YaX8L6Wj4D",United States
12,2023-03-15 12:40:03+00:00,GisHealthcare,"Tip from GIS HealthCare:  #Scammers take advantage of disasters like the recent earthquakes to solicit money. But your donations go to them, not to help real victims. Be sure you donate to REAL CHARITIES!
#donate #earthquake #disasters #charity #help https://t.co/uPvlrawMCf https://t.co/f6rjtW7thx",
13,2023-03-15 11:30:42+00:00,SPascoalLima,@AlbertoValdyev Hence the reason they are supporting the victims of the #earthquake in #Syria whilst he refuses to help them.,"England, United Kingdom"
14,2023-03-15 11:21:37+00:00,doorstepcollect,"With every booking made we will be donating money to the DEC so far we have raised ¬£5645.00
We're in the DA postcodes on Thursday 23rd March 2023
#Dartford #UK #postcode #donate #charity #Help #Clothes #Doorstep #Free #Collections #DEC #earthquake #Support #TurkeySyriaEarthquake https://t.co/ihQWJ2gYcC","Liss, Guildford, Surrey"
15,2023-03-15 09:05:37+00:00,EarthquakeEmerg,Nawras was sleeping when the #earthquake struck and the ceiling came crashing down around him. He was trapped for four hours before being rescued. Now he's looking through the rubble for his prized possessions. Dear friends we desperately need your helpüò•üôè https://t.co/Oykoo2WzNW,
16,2023-03-15 07:57:45+00:00,IndDoctorsAsso,"The hospital is now out of service.
 Working together can help restore the hospital's functionality and provide quality healthcare services to everyone¬†in¬†need.
#Syria #Earthquake #IDA https://t.co/qFzXvWglZg",
17,2023-03-15 06:40:22+00:00,LastQuake,"Help us keep doing what we've always done: inform and reassure citizens living in #earthquake-prone regions and and stand side-by-side with affected population in case of an #earthquakeüôè If you can, consider a donation to https://t.co/6Cc7sj0zpP Thank youüíü https://t.co/8f1KAtb4fb","based in Paris, works globally"
18,2023-03-15 05:34:48+00:00,IFRCAsiaPacific,"A child-friendly space can protect #children from many risks around them. üëßüë¶ 

In the Doti district of Nepal, Red Cross teams are creating friendly spaces for children to help them recover and reconnect after the #earthquake. https://t.co/4AhntEyyZc","Kuala Lumpur, Malaysia"
19,2023-03-15 04:31:26+00:00,faeskueh,So much sadness. Please continue to support sad they are helping so many animals in need! #dogmeattrade #USA #China #Vietnam #Europe #SouthKorea #Indonesia #help #dogs #rescuedogs #Canada #UnitedKingdom #Germany #Africa #donations #ukraine #russia #turkey #cats #earthquake,
20,2023-03-15 03:44:01+00:00,LastQuake,"Help us keep doing what we've always done: inform and reassure citizens living in #earthquake-prone regions and and stand side-by-side with affected population in case of an #earthquakeüôè If you can, consider a donation to https://t.co/6Cc7sj0zpP Thank youüíü https://t.co/RTQQpYWX2t","based in Paris, works globally"
21,2023-03-15 01:02:18+00:00,RogerHarned,"Be Christ's hands and feet in Syria and Turkiye (Turkey)! Earthquake response is happening now. 
https://t.co/TkgjW8LSGG (50,000+ dead so far.) #earthquake victims need HELP! 100's of 1000's still suffering. Voice of the Martyrs has a heart for the #persecuted worldwide.","Cincinnati, OH"
22,2023-03-15 00:59:33+00:00,LastQuake,"Help us keep doing what we've always done: inform and reassure citizens living in #earthquake-prone regions and and stand side-by-side with affected population in case of an #earthquakeüôè If you can, consider a donation to https://t.co/6Cc7sj0zpP Thank youüíü https://t.co/v0mVRA92DB","based in Paris, works globally"
23,2023-03-14 22:51:22+00:00,SyriaCivilDef,"As part of our team's plan to support the restoration of essential infrastructure in the cities and towns affected by the #earthquake, we are continuing our work to remove the rubble of houses that were destroyed to help civilians in the rebuilding process to move forward. https://t.co/ICoywGBdzL",Syria
24,2023-03-14 20:58:48+00:00,LastQuake,"Take action and help us build an #earthquake-resilient societyüíüWe're a not for profit NGO offering free and ad-free services. If you can, consider a donation to https://t.co/6Cc7sj0zpP Thank youüôè https://t.co/IpIiDAgAvp","based in Paris, works globally"
25,2023-03-14 18:00:27+00:00,ActionAidUSA,"The #earthquake in #Syria left Adawiya &amp; her children homeless &amp; traumatized. They received temporary shelter from our partner on the ground. The children are also receiving emotional support from our team.

Donate now to help us reach more peopleüëâ https://t.co/ZJmZNvOkmm https://t.co/fKaKDTdQbk",Washington D.C.
26,2023-03-14 17:22:12+00:00,GC_Relief,"Ali Farajullayev is a worship pastor from Yalova, a coastal town in Turkey. After the earthquakes hit, he traveled to the impacted areas to help in any way he could.‚Å† #Turkey #Syria #Earthquake https://t.co/XgWIPL92mS",All around the world
27,2023-03-14 17:04:51+00:00,praygivego,"Thanks to generous supporters, ANM has delivered water, food, and other emergency supplies to thousands of #earthquake victims in Turkey and Syria. A big need right now is weatherproof shelter for families still surviving on the streets. Help hereüëâhttps://t.co/6ZHrL6fYjh https://t.co/qJvhHnDY4i","Afton, VA"
28,2023-03-14 16:18:03+00:00,HelpAge,üì¢If any #journalists are covering the 12 year anniversary of the #Syrianwar tomorrow do get in touch. @HelpAge is stating that #earthquake must be a wake up call to address longstanding damage &amp; neglect caused by 12-year war &amp; outlines specific challenges faced by #OlderPeople.,Global
29,2023-03-14 16:12:04+00:00,EvrenWiltse,"International support keeps coming to #Turkey to help the #earthquake survivors. 
Let‚Äôs not forget their medium to long term needs. 
Thousands who survived need temporary shelter amidst cold and rain. Donations of container homes from Bulgaria will certainly make a difference.",Brookings SD
30,2023-03-14 16:01:41+00:00,IACharity_UK,"Day 3 of the distribution continues thanks to your generous support.

Please keep donating so we can help as many people in need as possible.

https://t.co/fyCrgagDny 

#earthquake #survivors #shaykhalyaqoubi #shaykhmuhammadalyaqoubi #turkey #humanaid #TranquilityReliefCampaign https://t.co/mnygUUDAP1","Birmingham, England"
31,2023-03-14 14:32:59+00:00,SciDevNet,"An AI tool that monitors water sterility could help prevent cholera and other disease outbreaks following the Turkey-Syria #earthquake if widely adopted, says @MSF. Read our story on this innovative device here: https://t.co/eb9mckKR9w","Wallingford, Oxfordhsire"
32,2023-03-14 13:23:49+00:00,JesuitsBritain,Victims of last month‚Äôs #earthquake in Turkey and Syria are still desperate for help. ‚Å¶@FarmStChurch‚Å© is holding a fundraising concert on 20th March; ticket details üëá https://t.co/sbHinDntBt,Britain
33,2023-03-14 12:50:34+00:00,AmCuriousNJ,#Animals in Syria also need much help after the #earthquake there in Syria.,"Hudson County, NJ, USA"
34,2023-03-14 12:13:49+00:00,AmCuriousNJ,"Watch ""Desperate #Kitten #crying for help after the #earthquake happened."" on #YouTube https://t.co/aR4OhY8Gv8 #Animals #Kittens #Cats","Hudson County, NJ, USA"
35,2023-03-14 12:06:47+00:00,BCWildfireHelp,"3-14-2023 | New #earthquake swarm
#FishLakeValleyFaultZone

üéØSimilar swarm on exact 2020 date
üóì5 days to #VernalEquinox

‚ö†Ô∏èFurnace Creek ‚Äì Death Valley fault system at CA/NV border could affect #LasVegas and #ClarkCounty metro area, simulation:
https://t.co/R5Gdu2dZbH https://t.co/A0tt4EzReD","West Coast, North America"
36,2023-03-14 11:30:07+00:00,NoVARegion,With many thanks to all who have donated. Please visit https://t.co/mYdWWhJ8rB to make your donation to help the victims of the #earthquake in #Turkey and #Syria. Donations will be used for food distribution. Goal is to distribute 8 tons of food packages to those in need. https://t.co/xSfoNmu1mV,"Fairfax, Virginia"
37,2023-03-14 11:09:18+00:00,NillahT,"@TwBookClub @EllenDa92748267 @luminarepress BOTD is children genre fairy tale yellow eyed ,blue haired dragon called Za. Katie laughed @ after she shared w her sixth grader about oak tree talking to her, her cat Sasha let her know the danger in the open earth #cat,#sasha,#dragons ,#oak,#earthquake ,#help",
38,2023-03-14 10:54:58+00:00,NPA_English,"#UNHCR stresses much more efforts need to be done to support #earthquake survivors in #Syria and #Turkey to help them rebuild their lives again.  

https://t.co/2Fo7k1xmN4",washington
39,2023-03-14 10:50:45+00:00,mediamacaque,"Thanks @dailyecho for interviewing Sarah, one of @React_Response brilliant volunteers, who has just returned from #Turkiye after being deployed to help with the #earthquake relief efforts. @BBCSouthNews","Barnet, London"
40,2023-03-14 07:53:58+00:00,MTVEnglishNews,"UK engineers help #Turkey assess #earthquake damage
https://t.co/ByicJUabBW","Naccache, Lebanon"
41,2023-03-14 07:00:00+00:00,AlArabiya_Eng,"The 15th relief plane from #SaudiArabia departs from King Khalid International Airport, bound for Gaziantep Airport in #Turkey as part of the country's ongoing efforts to help the victims of the devastating #earthquake.

https://t.co/7DruxNjGvw",Dubai
42,2023-03-14 06:49:26+00:00,ewakentmere,"#help for #Syria
#earthquake",The Earth
43,2023-03-14 00:32:00+00:00,RupinderKGill,"#Turkey &amp; #Syria's #earthquake #rescue teams are in need of our help. There are #organisations everywhere you can #donate too if you are willing. Every #donation is saving lives. ‚ù§üôè üáπüá∑

@BritishRedCross
@Unicef
@DECappeal
@Rescue_UK 
@Savechildrenuk 

#TurkeyEarthquake #Turkiye https://t.co/IJ1JzwWYfi","England, United Kingdom"
44,2023-03-14 00:20:57+00:00,BCWildfireHelp,"3-13-2023
#Yellowstoneüåã #earthquake swarm 
Continuing daily activity w/increase today
‚û°Ô∏èLink to view all:
https://t.co/jHTlHMslEU https://t.co/DpH9Uuj44I","West Coast, North America"
45,2023-03-13 23:02:50+00:00,SyedFuzailBapu,"Travelling towards #Turkey for #FGRF welfare activities. Our aim is to provide #relief and help to the #earthquake affected vicitms. 

Do Dua for a safe and successful journey. ü§≤ https://t.co/C4wSVrNuE7","Birmingham, England"
46,2023-03-13 21:45:04+00:00,USAforIOM,Donate now to help those affected by the #earthquake rebuild their lives: https://t.co/avVKvh9m7z,"Washington, D.C."
47,2023-03-13 21:00:00+00:00,PeninsulaQatar,"The international community and the Syrian govt did not act quickly enough last month to help people in need after a deadly earthquake hit #Turkiye and conflict-ravaged #Syria, a UN-backed commission said on Monday.

#earthquake
https://t.co/4epyJgN4UX",Qatar
48,2023-03-13 19:02:13+00:00,ISRA_UK,ISRA-UK also worked to provide support to #Syrian refugees along the borders of Syria who had been impacted by the #earthquake. To help visit https://t.co/eYhLj97HZp https://t.co/GEA8tyPOAc,Birmingham UK
49,2023-03-13 17:56:33+00:00,KaftVolter,"@tele1comtr #deprem #diyarbakir #sanliurfa #hatay #kahramanmaras #Gaziantep #Osmaniye #adana #ADIYAMAN #Malatya 

#HelpTurkey #earthquake #Erdbeben #–∑–µ–º–ª–µ—Ç—Ä—è—Å–µ–Ω–∏–µ 
Menschen sterben, Hilfe ist nicht genug
people are dying help is not enough #btc #coin https://t.co/tPthFKEFDg",Anƒ±ttepe
50,2023-03-13 17:40:58+00:00,KaftVolter,"#deprem #diyarbakir #sanliurfa #hatay #kahramanmaras #Gaziantep #Osmaniye #adana #ADIYAMAN #Malatya 

#HelpTurkey #earthquake #Erdbeben #–∑–µ–º–ª–µ—Ç—Ä—è—Å–µ–Ω–∏–µ 
Menschen sterben, Hilfe ist nicht genug
people are dying help is not enough #btc #coin https://t.co/CliIJkB18u",Anƒ±ttepe
51,2023-03-13 17:36:12+00:00,KaftVolter,"#deprem #diyarbakir #sanliurfa #hatay #kahramanmaras #Gaziantep #Osmaniye #adana #ADIYAMAN #Malatya 

#HelpTurkey #earthquake #Erdbeben #–∑–µ–º–ª–µ—Ç—Ä—è—Å–µ–Ω–∏–µ 
Menschen sterben, Hilfe ist nicht genug
people are dying help is not enough #btc #coin https://t.co/dyzg34rV8b",Anƒ±ttepe
52,2023-03-13 17:11:33+00:00,HumanityFirstDE,"Big thanks to @AirlinkFlight for generously providing free tickets to our HFD kitchen team, working tirelessly in response to the #Turkiye #Earthquake. Your contribution is making a huge difference in our efforts to help those in need. https://t.co/CZvpPdwVMH","Lautertal (Odenwald), Deutschl"
53,2023-03-13 17:00:02+00:00,hayatyolu_en,"Ramadan is comingüìøüïãüåô
Join us to help the underprivileged to receive itüíöüå∑

To donate via our website:
https://t.co/qAT9Gq4FFy

To donate from outside Turkey: https://t.co/1IZJtIf3Wf

#Turkey #Syria #earthquake #victims #losses #rescue #ruins #kahramanmara≈ü #Ramadan https://t.co/uwO7IKcI6k","Istanbul, Turkey"
54,2023-03-13 16:51:54+00:00,WHO_Europe,"WHO is in T√ºrkiye for the long haul.

Our staff on the ground tell us their stories.üëâMeet Dr Berk, a survivor of the 1999 earthquake, who is now working with @WHO supporting #T√ºrkiye's #earthquake response.

There is still a lot to do.
You can help, too‚¨áÔ∏è
https://t.co/D9MOb5LHjS https://t.co/WA8O2B4bxL",Copenhagen
55,2023-03-13 16:23:26+00:00,Paktimestoday,"All means mobilised in T√ºrkiye after powerful quakes: Erdogan

https://t.co/31LhGfbKhV

#pakistantimestoday #turkey #earthquake #support #turkey

#t√ºrkiye #help #TurkeyEarthquake #prayforturkey #prayforturkey https://t.co/Due1R2ielp",Pakistan
56,2023-03-13 15:18:41+00:00,SyriaCivilDef,"The #earthquake in #Syria has had a significant and enduring impact, leaving behind massive amounts of rubble. Our work began with the crucial stage of removing this debris  to help communities begin the process of recovery.
üìå Jenderes -  Northern countryside of #Aleppo https://t.co/2GmmETFXJC",Syria
57,2023-03-13 15:18:14+00:00,ExpResRoster,"To truly help others, you must take care of yourself

As UNDP responds to the dire needs of 15.3 million Syrians, @UNDPSyria also engaged #ExpRes Psychosocial Support experts, like Zena Awad, to help staff¬†better¬†cope with the stresses &amp; challenges resulting from the #Earthquake https://t.co/fWayz6JaKu","New York, NY"
58,2023-03-13 15:02:54+00:00,HI_UnitedStates,"We want to take a moment to share our gratitude to The Hello in There Foundation, @FionaPrine, the #JohnPrine family, and their community of supporters for their generous gift to help fund HI's inclusive #earthquake response in the #MiddleEast.

üì∑T. Nicholson/HI https://t.co/2bPIDghXDa",Action in 60 countries
59,2023-03-13 14:50:53+00:00,bulbulzade,"We are having difficult days. 
This Ramadan, our food tables, our homes are so different. 
but our intention is one.
We are together with what we share. 

You can also send a dinner to our families.  

#earthquake #ramadan #eidramadan #handinhand #help  

https://t.co/puaVZXR9Bu https://t.co/CkFeBnhc8I",Gaziantep
60,2023-03-13 14:46:18+00:00,WHO_Europe,"@WHO is in T√ºrkiye for the long haul.

Our staff on the ground tell us their stories.üëâMeet Dr Berk, a survivor of the 1999 earthquake, who is now working with WHO supporting #T√ºrkiye's #earthquake response.

There is still a lot to do.
You can help, too‚¨áÔ∏è
https://t.co/up6VIjeNjr https://t.co/h2MHBC7rf7",Copenhagen
61,2023-03-13 13:55:42+00:00,HurrasNetwork,"Maya, 6 yrs, escaped her house and moved to live in a tent with a big crowd of people, which she is never used to.
She misses every single detail of normal life yet she has a big hope!
Help Syrian children affected by the #earthquake: https://t.co/WZiNmnVDI8

#save_well_educated https://t.co/G8kdNQ9N89",syria
62,2023-03-13 11:58:59+00:00,KaftVolter,"#deprem #diyarbakir #sanliurfa #hatay #kahramanmaras #Gaziantep #Osmaniye #adana #ADIYAMAN #Malatya 

#HelpTurkey #earthquake #Erdbeben #–∑–µ–º–ª–µ—Ç—Ä—è—Å–µ–Ω–∏–µ 
Menschen sterben, Hilfe ist nicht genug
people are dying help is not enough #btc #coin",Anƒ±ttepe
63,2023-03-13 11:58:29+00:00,KaftVolter,"#deprem #diyarbakir #sanliurfa #hatay #kahramanmaras #Gaziantep #Osmaniye #adana #ADIYAMAN #Malatya 

#HelpTurkey #earthquake #Erdbeben #–∑–µ–º–ª–µ—Ç—Ä—è—Å–µ–Ω–∏–µ 
Menschen sterben, Hilfe ist nicht genug
people are dying help is not enough #btc #coin",Anƒ±ttepe
64,2023-03-13 11:11:40+00:00,IACharity_UK,"Homes have been destroyed as a result of the Earthquakes.

Please help us rebuild the lives of so many impacted by this.

Donate generously.

https://t.co/fyCrgahbd6 
#TranquilityReliefCampaign #iac #iacuk #donation #turkiye #syrians #aid #deliveringaid #hope #earthquake https://t.co/gq2vynAT3e","Birmingham, England"
65,2023-03-13 10:06:16+00:00,UOSSM,"I flew to Syria and Turkey to help save lives after the #earthquake. The destruction was beyond imagination‚Äù
https://t.co/FdCjdWIate https://t.co/wstAxl2Ovl","Paris, France."
66,2023-03-13 09:57:20+00:00,milletworld,Help for #earthquake #victims from #Yassƒ±k√∂y #compatriots https://t.co/NpGBsGPyEj,Greece
67,2023-03-13 04:10:49+00:00,Abdo_Milad05,"Turkey Destroyed by massive Earthquake | India sends Help to Turkey as PM Modi offers support
 #Russia #Turkey #earthquake #Syria #United_State
 https://t.co/XV45ElBGSP",libya
68,2023-03-13 02:15:11+00:00,Abdo_Milad05,"Turkey quake: Voices call from under rubble as rescuers race to help
 #Russia #Turkey #earthquake #Syria #United_State
 https://t.co/mZC1tDrowI",libya
69,2023-03-13 01:50:37+00:00,KaftVolter,"#deprem #diyarbakir #sanliurfa #hatay #kahramanmaras #Gaziantep #Osmaniye #adana #ADIYAMAN #Malatya 

#HelpTurkey #earthquake #Erdbeben #–∑–µ–º–ª–µ—Ç—Ä—è—Å–µ–Ω–∏–µ 
Menschen sterben, Hilfe ist nicht genug
people are dying help is not enough #btc #coin",Anƒ±ttepe
70,2023-03-13 00:10:01+00:00,NBCDFWCommunity,How to Help the Red Cross With Earthquake Relief Efforts in Turkey and Syria: https://t.co/mJZEyNBtON #redcross #earthquake #syria #turkey @RedCross @NBCDFW https://t.co/lNuHg6ZGhd,Dallas/Fort Worth 
71,2023-03-12 22:30:01+00:00,Abdo_Milad05,"UN: Turkey-Syria quake survivors still need help
 #Russia #Turkey #earthquake #Syria #United_State
 https://t.co/h5iB0msVLT",libya
72,2023-03-12 22:08:46+00:00,Abdo_Milad05,"Trapped people in Turkey earthquake film themselves in plea for help
 #Russia #Turkey #earthquake #Syria #United_State
 https://t.co/0LQa4UWpLo",libya
73,2023-03-12 20:51:41+00:00,Benefit_Mankind,"Help us build a new village for the #earthquake survivors, each home costs ¬£2,000 and is eligible for #Zakaat. https://t.co/Y69hxNOcGX #Ramadhan #Zakat #Charity https://t.co/982lrlk1FD",UK
74,2023-03-12 19:55:06+00:00,LastQuake,"Take action and help us build an #earthquake-resilient societyüíüWe're a not for profit NGO offering free and ad-free services. If you can, consider a donation to https://t.co/6Cc7sj17fn Thank youüôè https://t.co/1sXw5iERxU","based in Paris, works globally"
75,2023-03-12 19:48:06+00:00,gbibuildingco,"PLEASE don't forget these people!

Please share with your friends. 

Turkey and Syria earthquake victims still need OUR help!

Please contribute whatever you can.

Thank you!

https://t.co/CDUCZWVi1L

#Turkey #earthquakerelief 
#Syria #earthquake",USA üá∫üá≤ - Worldwide üåç
76,2023-03-12 19:47:06+00:00,JosephAlsousou,"Desperation and resilience!  

This man in Easter #Aleppo  reopened his shop, which is under his #earthquake #syriaearthquake destroyed home. ‚ÄúI have no option‚Äù he told me. Help here    https://t.co/ApWnZZ9Pp3 https://t.co/8UIjohMA2x","Oxford, UK"
77,2023-03-12 16:41:57+00:00,LuluWalcott1,#Syria #Earthquake #Help #Donations,"Los Angeles, CA"
78,2023-03-12 11:35:25+00:00,TabibianMDPhD,"@duyguomuzl @Meghesik @melina_power @YacoubianAline @peaceforarmenia @mekquirik @galgoulaa @AMinalyan @historyarmenia @ARAMAC_CA @usembarmenia @UNArmenia @rita_minassian @PBalian11 @dsderian @PetrosyanTeresa @ArtinEsq @UzayBulut14 @TekTurkiyeIcin @tugceinanc @fakircoin @yigidimhelekalk @ekumeniklik @serdarkilic9 @aniboghoss @Zulaila82153837 The #earthquake alone seems to have caused horrific damage &amp; loss of life. üáπüá∑ could use help &amp; prayers from within + outside the country, but perhaps I, international media, &amp; my friends &amp; family living in the region are all mistaken.
Ma≈üallah beynini seviyorum.
Please ü§´
üôèüèº","‘º’•’º’∂’°’µ’´’∂ ‘±’∑’≠’°÷Ä’∞, CA"
79,2023-03-12 10:11:37+00:00,Abdo_Milad05,"Turkey Destroyed by massive Earthquake | India sends Help to Turkey as PM Modi offers support
 #Russia #Turkey #earthquake #Syria #United_State
 https://t.co/wungfc4oJd",libya
80,2023-03-12 06:33:26+00:00,Lotteruppert,"In this kitchen in Kahramanmaras,  @Kizilay cooks 75,000 meals per day for families affected by the #earthquake.

Millions of people in T√ºrkiye have lost their homes, jobs and community. Long-term support is needed to help people restore their lives in the months and years ahead. https://t.co/euyJguQYdN","Gaziantep, Turkiye"
81,2023-03-12 04:19:55+00:00,SichuanDaily,"Emotional healing plays a key role in #earthquake recovery. The psychological harm caused by the earthquake is often less visible than the physical one, particularly to #children.
Here's what to do and how we can offer help:
#psychology #kids #health https://t.co/xcwD3ukMIv","Chengdu, Sichuan, China"
82,2023-03-12 04:09:30+00:00,Abdo_Milad05,"Trapped people in Turkey earthquake film themselves in plea for help
 #Russia #Turkey #earthquake #Syria #United_State
 https://t.co/F3Gn3C8GVm",libya
83,2023-03-12 00:57:51+00:00,Puddince_Macka,Information to Help when disaster prevention and disaster. https://t.co/71cDlGZQKy #foreigner #japan #earthquake #multilingual,
84,2023-03-11 19:48:49+00:00,gbibuildingco,"PLEASE don't forget these people!

Please share with your friends. 

Turkey and Syria earthquake victims still need OUR help!

Please contribute whatever you can.

Thank you!

https://t.co/CDUCZWUKcd

#Turkey #earthquakerelief 
#Syria #earthquake",USA üá∫üá≤ - Worldwide üåç
85,2023-03-11 19:47:51+00:00,LastQuake,"Take action and help us build an #earthquake-resilient societyüíüWe're a not for profit NGO offering free and ad-free services. If you can, consider a donation to https://t.co/6Cc7sj0zpP Thank youüôè https://t.co/ZZOKr9At8o","based in Paris, works globally"
86,2023-03-11 16:24:26+00:00,XmanNYC71,Today marks 12 yrs since #Japan‚Äôs #Earthquake &amp; #Tsunami. Radioactive waste water is still accumulating from the disabled #Tepco #Nuclear power plant in #Fukushima. THIS YEAR Tepco will dump MILLIONS of gallons of the #radioactive water into the ocean! Help @mpnuclearfree stop it https://t.co/idESlGvgMR,
87,2023-03-11 14:29:24+00:00,LastQuake,"Help us keep doing what we've always done: inform and reassure citizens living in #earthquake-prone regions and and stand side-by-side with affected population in case of an #earthquakeüôè If you can, consider a donation to https://t.co/6Cc7sj0zpP Thank youüíü https://t.co/40Uy1EdFKM","based in Paris, works globally"
88,2023-03-11 13:45:00+00:00,HI_Canada,"Last month's #earthquake in #Syria could have long-term effects on children's #mentalhealth. #Psychologicalsupport is needed now more than ever. You can help a child dealing with trauma from the disaster: https://t.co/phNR6ErWZg
¬© K.W Dalati / HI https://t.co/4HfEykDQta","Montr√©al, Canada"
89,2023-03-11 13:29:33+00:00,TimetoHelpUK,Join us in making a difference for those affected by the Turkey and Syria earthquakes. Your contribution of just ¬£490 can provide much needed relief. Let's come together to support those in need and make a positive impact. #turkey #syria #earthquake #donate https://t.co/Nk7fAsjKIc,London
90,2023-03-11 02:09:11+00:00,RupinderKGill,"#Turkey &amp; #Syria's #earthquake #rescue teams are in need of our help. There are #organisations everywhere you can #donate too if you are willing. Every #donation is saving lives. ‚ù§üôè üáπüá∑

@BritishRedCross
@Unicef
@DECappeal
@Rescue_UK 
@Savechildrenuk 

#TurkeyEarthquake #Turkiye https://t.co/IFt2jUpOo9","England, United Kingdom"
91,2023-03-11 01:25:11+00:00,JoelFanMusic,"Chef Jos√© Andr√©s' @WCKitchen needs and deserves our help.

10 million #meals served in #Turkey and #Syria since the #earthquake. Over 200 million in #Ukraine since the #invasion. 200 tons of #food for the #Pakistan #flood.

https://t.co/K7uCX6AUyr

#ChefsForTheWorld #UkraineWar https://t.co/pnIbbayk1M",In concerts around the world
92,2023-03-10 21:13:40+00:00,ObadaJbara,"We build this tent for a family that they have a dangerous cracked house
Because of the earthquake
Help more people by donating here
https://t.co/X8fqebjvar

#earthquake #earthquakeinturkey #earthquakesyria #syria #idlib #ngo #need #help https://t.co/HdSntBTmNq",Syria - Idlib
93,2023-03-10 18:59:52+00:00,KrutikaKuppalli,Thanks @DrTedros and @DrMikeRyan for all you are doing to help the people of #Syria and #Turkiye who have been affected by the devastating #earthquake,Global Citizen 
94,2023-03-10 18:25:14+00:00,gbibuildingco,"PLEASE don't forget these people!

Please share with your friends. 

Turkey and Syria earthquake victims need OUR help!

Please contribute whatever you can.

Thank you!

https://t.co/CDUCZWUKcd

#Turkey #earthquakerelief 
#Syria #earthquake",USA üá∫üá≤ - Worldwide üåç
95,2023-03-10 17:33:20+00:00,ObiWanRey,"https://t.co/wFLWaNRyP8
#earthquake #inturkey #hatay #rescue #animals #help",
96,2023-03-10 17:24:36+00:00,CsdPakistan,"CSD's contribution in participating in the Earthquake Relief operations for Turkiye and Syria in their tough times. We support our help and prayers to all the Earthquake affectees. 
#MyCSD #supermarket #retailstore #earthquake #TurkeyEarthquake #Syria_earthquake https://t.co/yylcbMpqyC",
97,2023-03-10 17:22:41+00:00,CsdPakistan,"CSD's contribution in participating in the Earthquake Relief operations for Turkiye and Syria in their tough times. We support our help and prayers to all the Earthquake affectees. 
#MyCSD #supermarket #retailstore #earthquake #TurkeyEarthquake #syriaearthquake #donations https://t.co/HXmFVIBMkD",
98,2023-03-10 16:44:52+00:00,HelpAge,"Since Feb 6 when the #earthquake struck, thanks to the support of our partners @Age_Int + @decappeal approx. 2,900 people, including #OlderPeople received ready to eat food &amp; shelter kits, &amp; about 4,417 people received consultation services at the primary healthcare centre so far https://t.co/ejFED8z3fq",Global
99,2023-03-10 06:43:42+00:00,CharityDao_,"üåêWe collaborate with @Kizilay to help the #earthquake victims in #Turkey with more foods

@CharityDao_
@maxiprotocol  @okxweb3 @okx https://t.co/f34n95uj2Z",Metaverse
